w	q	simula	formula	variable
4	0.1	0.02314	0.02004	w
2	0.5	0.01943	0.01703	q
3	0.1	0.02490	0.02170	w
1	0.1	0.02881	0.02517	w
2	0.3	0.02217	0.01889	q
2	0.7	0.01748	0.01516	q
2	0.1	0.02637	0.02248	q
7	0.1	0.01895	0.01578	w
2	0.6	0.01816	0.01567	q
6	0.1	0.02002	0.01678	w
2	0.4	0.02061	0.01805	q
2	0.1	0.02666	0.02279	w
2	0.2	0.02412	0.02110	q
2	0.0	0.02930	0.02548	q
5	0.1	0.02080	0.01756	w
2	0.8	0.01660	0.01403	q
