w	q	simula	formula	variable
2	0.6	0.01816	0.01518	q
2	0.1	0.02637	0.02306	q
7	0.1	0.01797	0.01533	w
2	0.1	0.02617	0.02280	w
2	0.0	0.03008	0.02517	q
6	0.1	0.01973	0.01704	w
2	0.4	0.02129	0.01838	q
2	0.3	0.02246	0.01925	q
2	0.5	0.01934	0.01677	q
2	0.8	0.01641	0.01417	q
1	0.1	0.02910	0.02465	w
5	0.1	0.02148	0.01816	w
2	0.2	0.02402	0.02116	q
4	0.1	0.02344	0.01989	w
2	0.7	0.01738	0.01511	q
3	0.1	0.02461	0.02157	w
