w	q	simula	formula	variable
2	0.8	0.01768	0.01525	q
4	0.1	0.02461	0.02089	w
2	0.6	0.01963	0.01697	q
7	0.1	0.01982	0.01729	w
6	0.1	0.02158	0.01840	w
2	0.4	0.02324	0.01990	q
5	0.1	0.02305	0.01912	w
2	0.7	0.01826	0.01585	q
2	0.0	0.03086	0.02691	q
2	0.1	0.02803	0.02475	q
1	0.1	0.03232	0.02793	w
2	0.2	0.02627	0.02267	q
2	0.5	0.02109	0.01807	q
3	0.1	0.02588	0.02288	w
2	0.3	0.02441	0.02116	q
2	0.1	0.02822	0.02481	w
