w	q	simula	formula	variable
4	0.1	0.04160	0.03294	w
2	0.1	0.04824	0.04060	w
2	0.1	0.04668	0.03724	q
6	0.1	0.03574	0.02955	w
2	0.4	0.03828	0.03183	q
2	0.2	0.04199	0.03481	q
5	0.1	0.04004	0.03239	w
2	0.8	0.03027	0.02552	q
7	0.1	0.03340	0.02557	w
2	0.7	0.03184	0.02636	q
2	0.3	0.04102	0.03535	q
2	0.6	0.03184	0.02567	q
1	0.1	0.05283	0.04318	w
2	0.0	0.05303	0.04343	q
2	0.5	0.03535	0.02882	q
3	0.1	0.04395	0.03493	w
