w	q	simula	formula	variable
2	0.0	0.04082	0.06500	q
2	0.1	0.03672	0.05364	q
2	0.5	0.02598	0.02333	q
2	0.7	0.02422	0.01353	q
1	0.1	0.03984	0.06500	w
2	0.8	0.02227	0.00944	q
2	0.3	0.03145	0.03615	q
2	0.1	0.03574	0.05364	w
3	0.1	0.03301	0.04417	w
6	0.1	0.02461	0.02333	w
2	0.2	0.03457	0.04417	q
2	0.4	0.02910	0.02929	q
4	0.1	0.03008	0.03615	w
5	0.1	0.02813	0.02929	w
2	0.6	0.02559	0.01812	q
7	0.1	0.02480	0.01812	w
