w	q	simula	formula	variable
2	0.2	0.09678	0.09319	q
1	0.1	0.11387	0.11131	w
6	0.1	0.08115	0.07407	w
2	0.1	0.10391	0.10102	q
5	0.1	0.08428	0.07868	w
3	0.1	0.09678	0.09238	w
2	0.5	0.07686	0.07367	q
2	0.8	0.06445	0.06157	q
7	0.1	0.07725	0.06949	w
2	0.7	0.06865	0.06567	q
2	0.3	0.08945	0.08552	q
2	0.1	0.10391	0.10044	w
2	0.6	0.07246	0.06948	q
4	0.1	0.09092	0.08583	w
2	0.0	0.11309	0.11093	q
2	0.4	0.08252	0.07906	q
