w	q	simula	formula	variable
3	0.1	0.09629	0.09252	w
2	0.1	0.10283	0.10069	q
1	0.1	0.11455	0.11131	w
2	0.1	0.10273	0.10059	w
2	0.0	0.11201	0.11107	q
2	0.7	0.06797	0.06475	q
6	0.1	0.08184	0.07439	w
2	0.6	0.07305	0.06950	q
2	0.8	0.06367	0.06126	q
2	0.3	0.08867	0.08447	q
5	0.1	0.08516	0.07889	w
2	0.5	0.07871	0.07433	q
4	0.1	0.09082	0.08610	w
2	0.4	0.08301	0.07910	q
7	0.1	0.07793	0.06944	w
2	0.2	0.09512	0.09170	q
