w	q	simula	formula	variable
2	0.2	0.09561	0.09271	q
2	0.3	0.08896	0.08578	q
5	0.1	0.08496	0.07877	w
2	0.7	0.06846	0.06521	q
2	0.1	0.10430	0.10113	w
3	0.1	0.09600	0.09243	w
2	0.8	0.06475	0.06180	q
2	0.5	0.07734	0.07387	q
6	0.1	0.08154	0.07382	w
2	0.6	0.07344	0.06960	q
7	0.1	0.07842	0.06972	w
2	0.1	0.10449	0.10141	q
1	0.1	0.11230	0.11011	w
4	0.1	0.09014	0.08528	w
2	0.0	0.11230	0.11026	q
2	0.4	0.08213	0.07871	q
