w	q	simula	formula	variable
2	0.7	0.06855	0.06519	q
2	0.3	0.08848	0.08517	q
6	0.1	0.08105	0.07345	w
2	0.8	0.06426	0.06093	q
4	0.1	0.09102	0.08589	w
5	0.1	0.08555	0.07906	w
2	0.0	0.11436	0.11169	q
2	0.2	0.09551	0.09231	q
2	0.1	0.10361	0.10063	q
2	0.4	0.08145	0.07914	q
1	0.1	0.11279	0.11067	w
3	0.1	0.09746	0.09277	w
2	0.6	0.07246	0.06912	q
7	0.1	0.07773	0.06951	w
2	0.5	0.07773	0.07433	q
2	0.1	0.10391	0.10104	w
