w	q	simula	formula	variable
2	0.1	0.10762	0.11364	q
2	0.0	0.11934	0.12500	q
2	0.5	0.07832	0.08333	q
4	0.1	0.08926	0.09615	w
2	0.1	0.10469	0.11364	w
3	0.1	0.09805	0.10417	w
7	0.1	0.06855	0.07812	w
2	0.8	0.06523	0.06944	q
2	0.4	0.08418	0.08929	q
6	0.1	0.07520	0.08333	w
5	0.1	0.08145	0.08929	w
2	0.7	0.07051	0.07353	q
2	0.3	0.08926	0.09615	q
1	0.1	0.11875	0.12500	w
2	0.6	0.07441	0.07812	q
2	0.2	0.09668	0.10417	q
