w	q	simula	formula	variable
2	0.8	0.07393	0.06726	q
2	0.6	0.08311	0.07571	q
2	0.4	0.09502	0.08651	q
6	0.1	0.09424	0.08080	w
2	0.1	0.11895	0.11014	q
5	0.1	0.09834	0.08647	w
2	0.5	0.08818	0.08073	q
2	0.3	0.10176	0.09321	q
7	0.1	0.08975	0.07568	w
2	0.1	0.11797	0.11012	w
4	0.1	0.10449	0.09325	w
2	0.0	0.12871	0.12115	q
1	0.1	0.12891	0.12116	w
2	0.7	0.07832	0.07127	q
3	0.1	0.11035	0.10091	w
2	0.2	0.10938	0.10087	q
