w	q	simula	formula	variable
6	0.1	0.09336	0.08078	w
2	0.1	0.11865	0.11022	q
7	0.1	0.08926	0.07562	w
2	0.7	0.07793	0.07123	q
2	0.1	0.11865	0.11009	w
3	0.1	0.11084	0.10088	w
2	0.3	0.10107	0.09319	q
2	0.0	0.12969	0.12098	q
2	0.4	0.09473	0.08658	q
2	0.6	0.08340	0.07574	q
2	0.2	0.11045	0.10090	q
4	0.1	0.10361	0.09317	w
5	0.1	0.09785	0.08655	w
2	0.5	0.08848	0.08085	q
2	0.8	0.07441	0.06731	q
1	0.1	0.12910	0.12111	w
