w	q	simula	formula	variable
2	0.8	0.07461	0.06737	q
2	0.2	0.10908	0.10088	q
2	0.4	0.09473	0.08656	q
5	0.1	0.09863	0.08655	w
2	0.5	0.08848	0.08078	q
6	0.1	0.09375	0.08074	w
2	0.1	0.11904	0.11020	w
2	0.3	0.10215	0.09319	q
2	0.7	0.07891	0.07128	q
3	0.1	0.11016	0.10095	w
4	0.1	0.10381	0.09317	w
1	0.1	0.12900	0.12112	w
7	0.1	0.08984	0.07568	w
2	0.1	0.11826	0.11013	q
2	0.0	0.12881	0.12103	q
2	0.6	0.08340	0.07571	q
