w	q	simula	formula	variable
5	0.1	0.09141	0.10929	w
3	0.1	0.10996	0.12417	w
2	0.2	0.10898	0.12417	q
2	0.1	0.11934	0.13364	q
2	0.0	0.13398	0.14500	q
4	0.1	0.10000	0.11615	w
2	0.1	0.11895	0.13364	w
2	0.3	0.09941	0.11615	q
1	0.1	0.13340	0.14500	w
2	0.5	0.09062	0.10333	q
7	0.1	0.07988	0.09812	w
2	0.4	0.09551	0.10929	q
6	0.1	0.08555	0.10333	w
2	0.7	0.08008	0.09353	q
2	0.6	0.08398	0.09812	q
2	0.8	0.07539	0.08944	q
