w	q	simula	formula	variable
2	0.6	0.08271	0.07569	q
2	0.1	0.11895	0.11014	w
2	0.0	0.12891	0.12124	q
2	0.8	0.07432	0.06734	q
6	0.1	0.09287	0.08078	w
5	0.1	0.09814	0.08649	w
2	0.2	0.10996	0.10097	q
2	0.1	0.11855	0.11015	q
2	0.4	0.09443	0.08649	q
3	0.1	0.11055	0.10093	w
2	0.3	0.10215	0.09315	q
4	0.1	0.10449	0.09315	w
2	0.7	0.07861	0.07127	q
1	0.1	0.12930	0.12122	w
2	0.5	0.08838	0.08080	q
7	0.1	0.08945	0.07573	w
